director_id,genre,prob,id
1364,Mystery,0.102564,1
11652,Romance,0.25,2
63804,Western,0.0277778,3
82462,Action,0.428571,4
67419,Drama,0.166667,5
88102,Fantasy,0.166667,6
6866,Adventure,0.5,7
56018,Horror,0.047619,8
17154,Romance,0.258929,9
3325,Action,0.0909091,10
17154,Sci-Fi,0.00892857,11
16967,Western,0.015873,12
1364,Adventure,0.025641,13
25789,Western,0.142857,14
2009,Short,0.6,15
84577,Sci-Fi,0.333333,16
40654,Thriller,0.166667,17
87869,Comedy,0.571429,18
57599,Crime,0.0798479,19
52953,Drama,0.833333,20
66829,Fantasy,0.5,21
57749,Horror,0.047619,22
11652,Sci-Fi,0.5,23
43095,Comedy,0.125,24
72953,Action,0.285714,25
44365,Crime,0.209302,26
56272,Family,1,27
40654,Comedy,0.333333,28
43417,Crime,0.0625,29
15901,Mystery,0.0689655,30
8271,Crime,0.111111,31
44718,Short,0.5,32
80432,Adventure,0.2,33
34658,Film-Noir,0.0967742,34
14738,War,0.0769231,35
32380,Romance,0.0769231,36
52480,Family,0.636364,37
63095,Mystery,0.148148,38
46515,Western,0.027027,39
20713,Western,0.0344828,40
38512,Musical,0.2,41
40133,Romance,0.142857,42
63095,Adventure,0.037037,43
49917,Drama,0.545455,44
52953,Musical,0.333333,45
25522,Comedy,0.4,46
30293,Thriller,1,47
14738,Adventure,0.0769231,48
71645,Horror,0.0263158,49
12114,Family,0.0491803,50
28582,Action,0.0666667,51
76524,Music,0.05,52
20528,Short,0.666667,53
34658,Romance,0.177419,54
11652,Documentary,0.25,55
11652,Action,0.5,56
72953,Sci-Fi,0.142857,57
44365,Drama,0.44186,58
52544,Adventure,0.416667,59
58201,Action,0.166667,60
86802,Thriller,0.0344828,61
18724,Adventure,0.0277778,62
45231,Comedy,0.166667,63
75761,Adventure,1,64
16967,Thriller,0.031746,65
15093,Adventure,0.0833333,66
56272,Fantasy,0.5,67
15093,Romance,0.25,68
13549,Comedy,0.958904,69
84880,Documentary,0.137931,70
50543,Horror,0.125,71
75380,Western,0.025641,72
67419,Crime,0.222222,73
52480,Fantasy,0.272727,74
3519,Action,0.16,75
20713,Thriller,0.103448,76
57599,Short,0.21673,77
15901,Sci-Fi,0.137931,78
32380,Adventure,0.0769231,79
84672,Comedy,0.9,80
49945,Documentary,0.0769231,81
65051,Horror,0.0833333,82
26753,Action,0.3,83
60713,Action,0.333333,84
17154,Film-Noir,0.0267857,85
73623,Animation,1,86
49917,Musical,0.0454545,87
81935,Comedy,0.190476,88
14738,Mystery,0.0769231,89
78306,Drama,0.636364,90
18724,War,0.0277778,91
34658,Mystery,0.241935,92
52480,Action,0.0909091,93
66849,Crime,0.714286,94
15901,Romance,0.103448,95
18724,Mystery,0.194444,96
26753,Family,0.2,97
65940,Comedy,0.642857,98
65940,Thriller,0.142857,99
25522,Musical,0.133333,100
78273,Romance,0.125,101
86091,Documentary,0.142857,102
65051,Drama,0.166667,103
22104,Crime,0.307692,104
25146,Horror,0.0238095,105
28582,Fantasy,0.666667,106
40115,Thriller,0.5,107
18724,Crime,0.166667,108
85543,Crime,0.0384615,109
86802,Western,0.431034,110
3325,War,0.272727,111
1364,Romance,0.25641,112
82462,Adventure,0.285714,113
77159,Thriller,0.25,114
71645,Thriller,0.105263,115
86802,Musical,0.0172414,116
81935,Thriller,0.0952381,117
44718,Animation,1,118
52544,Crime,0.166667,119
72953,Family,0.285714,120
72953,Mystery,0.142857,121
49945,Romance,0.0769231,122
29394,Documentary,0.230769,123
28315,Sci-Fi,0.166667,124
48262,Family,0.0204082,125
10885,Crime,0.111111,126
18724,Sci-Fi,0.0277778,127
53810,Action,1,128
56018,Western,0.047619,129
32380,Action,0.153846,130
14738,Crime,0.115385,131
40390,Animation,0.166667,132
73623,Short,0.5,133
71703,Thriller,0.263158,134
40370,Drama,0.25,135
88418,Western,0.047619,136
28582,Family,0.0666667,137
81935,Drama,0.47619,138
56182,Action,0.25,139
15092,Comedy,0.545455,140
1364,Short,0.0512821,141
78273,War,0.125,142
31943,Horror,1,143
86091,Romance,0.0714286,144
18724,Musical,0.0277778,145
25522,Drama,0.666667,146
88418,Musical,0.0238095,147
3325,Romance,0.181818,148
32380,Mystery,0.0769231,149
10885,Horror,0.166667,150
84577,Documentary,0.333333,151
3519,Romance,0.16,152
12114,Action,0.114754,153
24758,Horror,0.1,154
58201,Mystery,0.333333,155
67419,Thriller,0.277778,156
68032,Action,0.111111,157
25789,Horror,0.428571,158
25819,Drama,1,159
40418,Musical,0.25,160
71645,Short,0.184211,161
52544,Horror,0.166667,162
16404,Documentary,0.75,163
14415,Romance,0.107143,164
49939,Thriller,0.75,165
43417,Comedy,0.0625,166
14415,Sci-Fi,0.0357143,167
17153,Comedy,0.333333,168
15901,Action,0.0344828,169
71645,Musical,0.0263158,170
63095,Drama,0.444444,171
40418,Comedy,0.25,172
40418,Thriller,0.25,173
15901,Fantasy,0.0344828,174
3519,Musical,0.04,175
25146,Music,0.0238095,176
31322,Comedy,0.5,177
31322,Action,0.25,178
63804,Drama,0.583333,179
57599,Thriller,0.00380228,180
32380,Music,0.0769231,181
12114,Romance,0.0163934,182
72953,Crime,0.142857,183
28582,Short,0.2,184
34476,Comedy,0.2,185
20713,Family,0.0689655,186
25845,Thriller,0.333333,187
75761,Comedy,0.666667,188
63095,Fantasy,0.037037,189
48262,Mystery,0.102041,190
49917,Thriller,0.227273,191
57749,Short,0.047619,192
8271,Action,0.444444,193
49939,Action,0.25,194
25522,Short,0.0666667,195
25146,Drama,0.619048,196
66849,Thriller,0.142857,197
12025,Short,0.0784314,198
2009,Romance,0.1,199
9134,Adventure,0.111111,200
18724,Horror,0.222222,201
40133,Drama,0.857143,202
17153,Drama,1,203
9134,Crime,0.111111,204
36817,Family,0.0434783,205
49917,Romance,0.272727,206
86802,Short,0.0517241,207
49917,Western,0.0454545,208
6531,Drama,0.857143,209
73623,Fantasy,0.25,210
34476,Horror,0.4,211
34475,Sci-Fi,0.4,212
84880,Adventure,0.0689655,213
56182,Sci-Fi,0.25,214
24964,Comedy,0.75,215
52544,Romance,0.166667,216
40133,Short,0.0952381,217
6742,Short,0.25,218
84880,Crime,0.0689655,219
78273,Action,0.5,220
1364,Crime,0.153846,221
16967,Musical,0.0793651,222
52480,Comedy,0.545455,223
67419,Romance,0.0555556,224
10885,Animation,0.277778,225
28582,Drama,0.266667,226
16404,Comedy,0.25,227
52544,Sci-Fi,0.166667,228
49945,Western,0.0769231,229
57599,Western,0.539924,230
2931,Action,0.428571,231
8271,Horror,0.555556,232
43417,Romance,0.03125,233
30293,Horror,1,234
55860,Crime,1,235
36817,Fantasy,0.0869565,236
10885,Adventure,0.222222,237
2931,Horror,0.142857,238
24964,Drama,0.25,239
12114,Adventure,0.221311,240
29394,Drama,0.153846,241
78273,Thriller,0.5,242
88102,Comedy,0.555556,243
8271,Mystery,0.111111,244
12025,Drama,0.372549,245
63095,Crime,0.111111,246
40390,Drama,0.0833333,247
42679,War,0.0666667,248
52393,Adventure,0.138889,249
57749,Drama,0.761905,250
25522,Music,0.133333,251
46515,Horror,0.297297,252
86802,Film-Noir,0.0344828,253
60713,Drama,0.5,254
43417,Fantasy,0.0625,255
17154,Horror,0.0357143,256
68032,Drama,0.722222,257
57599,Adventure,0.0380228,258
24758,Documentary,0.1,259
63095,Romance,0.037037,260
15093,Crime,0.5,261
25146,Documentary,0.0238095,262
88102,Drama,0.222222,263
25146,Comedy,0.261905,264
18724,Music,0.0555556,265
71703,Action,0.368421,266
34658,Horror,0.0322581,267
81239,Animation,1,268
24758,Short,0.1,269
32109,Crime,0.25,270
28025,War,0.666667,271
49917,Fantasy,0.0909091,272
44718,Comedy,0.875,273
88102,Short,0.111111,274
40133,Film-Noir,0.0952381,275
40370,Music,0.25,276
85543,Thriller,0.0769231,277
25789,Drama,0.357143,278
72953,Thriller,0.285714,279
15093,Fantasy,0.0833333,280
14415,Adventure,0.160714,281
75380,Action,0.230769,282
86091,Drama,0.0714286,283
16967,Crime,0.031746,284
80432,Drama,0.2,285
32380,Thriller,0.461538,286
15901,Musical,0.0689655,287
20713,Adventure,0.103448,288
12114,Musical,0.122951,289
78306,Sci-Fi,0.181818,290
20713,Romance,0.413793,291
3107,Sci-Fi,1,292
14738,Family,0.230769,293
49917,Crime,0.0909091,294
57599,Sci-Fi,0.0114068,295
28582,Comedy,0.733333,296
25146,Romance,0.357143,297
72953,Comedy,0.571429,298
65940,Adventure,0.142857,299
43095,Documentary,0.1875,300
40390,Documentary,0.0833333,301
52393,Western,0.472222,302
29463,Romance,0.2,303
52393,Thriller,0.0277778,304
16967,War,0.031746,305
48262,Comedy,0.163265,306
46515,Action,0.0540541,307
86091,Comedy,0.214286,308
12025,Fantasy,0.0392157,309
40654,Action,0.277778,310
28582,Thriller,0.133333,311
76524,Crime,0.2,312
52480,Drama,0.272727,313
14415,Musical,0.0178571,314
71703,Adventure,0.210526,315
16967,Adventure,0.0634921,316
63804,War,0.111111,317
9134,Horror,0.111111,318
82462,Comedy,0.571429,319
86488,Drama,0.666667,320
46515,Sci-Fi,0.0540541,321
25845,Drama,0.666667,322
6531,War,0.0204082,323
43095,Romance,0.1875,324
88418,War,0.0952381,325
42679,Crime,0.2,326
12025,Action,0.0196078,327
25146,War,0.0714286,328
26753,Horror,0.1,329
60713,Horror,0.166667,330
6742,Documentary,0.125,331
66849,Music,0.142857,332
14415,Short,0.0178571,333
28582,Horror,0.0666667,334
28315,Drama,0.333333,335
65620,Horror,0.777778,336
25146,Adventure,0.142857,337
68032,Adventure,0.0555556,338
26753,Comedy,0.7,339
63804,Romance,0.138889,340
63804,Adventure,0.0833333,341
3325,Thriller,0.0909091,342
40370,Adventure,0.25,343
85543,Romance,0.346154,344
3519,Comedy,0.32,345
46014,Action,1,346
71703,Sci-Fi,0.105263,347
40133,Western,0.047619,348
56272,Drama,0.5,349
44718,Family,0.75,350
20713,War,0.0344828,351
75761,Family,0.666667,352
40654,Mystery,0.0555556,353
25789,Action,0.357143,354
36817,Thriller,0.304348,355
75380,Mystery,0.0512821,356
40654,Adventure,0.166667,357
12025,Romance,0.137255,358
22104,Sci-Fi,0.0384615,359
1364,Thriller,0.0512821,360
43095,War,0.375,361
81239,Adventure,0.333333,362
3325,Horror,0.0909091,363
16967,Short,0.031746,364
9134,Drama,0.666667,365
80432,Family,0.6,366
29394,Comedy,0.384615,367
32380,Horror,0.0769231,368
49945,Crime,0.307692,369
1364,Comedy,0.923077,370
52393,Mystery,0.0277778,371
2931,Sci-Fi,0.428571,372
50543,Adventure,0.125,373
40115,Crime,1,374
8271,Fantasy,0.111111,375
45231,Adventure,0.166667,376
42679,Sci-Fi,0.0666667,377
6866,Thriller,0.5,378
71645,Romance,0.0263158,379
3325,Western,0.0909091,380
75380,Sci-Fi,0.25641,381
20528,Family,0.666667,382
15093,Comedy,0.583333,383
22104,Music,0.0769231,384
86128,Fantasy,0.666667,385
26753,Drama,0.1,386
25845,Adventure,0.333333,387
48262,Crime,0.265306,388
12025,Sci-Fi,0.0196078,389
46515,Documentary,0.027027,390
84880,Drama,0.551724,391
77159,Drama,0.25,392
84672,Short,0.2,393
6531,Documentary,0.0816327,394
11079,Music,0.142857,395
25845,Horror,0.333333,396
65051,Romance,0.0833333,397
53721,War,0.155556,398
63095,Comedy,0.259259,399
14738,Thriller,0.0769231,400
28395,War,0.333333,401
12114,Mystery,0.0737705,402
3325,Musical,0.181818,403
86488,Crime,0.0266667,404
14738,Comedy,0.692308,405
88418,Documentary,0.0714286,406
86128,Action,0.333333,407
67419,Western,0.0555556,408
58201,Crime,0.5,409
24758,Music,0.4,410
40418,Short,0.5,411
12025,Mystery,0.0392157,412
15901,Music,0.0344828,413
17154,Western,0.0892857,414
88418,Short,0.404762,415
65051,Sci-Fi,0.166667,416
86128,Family,0.666667,417
20528,Fantasy,0.333333,418
52393,Family,0.0555556,419
32109,Drama,0.583333,420
2931,Adventure,0.142857,421
52393,Action,0.194444,422
11652,Drama,0.25,423
84672,Romance,0.1,424
17154,Musical,0.107143,425
9615,Mystery,0.125,426
3519,Family,0.12,427
2009,Comedy,0.5,428
78273,Mystery,0.125,429
9615,Crime,0.125,430
88102,Adventure,0.277778,431
25845,Crime,0.333333,432
34475,Comedy,0.2,433
63804,Musical,0.138889,434
28395,Drama,1,435
32380,Drama,0.692308,436
71703,Fantasy,0.0526316,437
29463,Drama,0.6,438
86128,Romance,0.333333,439
86128,Sci-Fi,0.333333,440
81935,Adventure,0.047619,441
86091,Action,0.428571,442
66849,Drama,0.142857,443
53721,Crime,0.0888889,444
45231,Crime,0.111111,445
84880,Short,0.275862,446
34476,Thriller,0.6,447
85543,Mystery,0.0769231,448
15092,Crime,0.545455,449
80432,Action,0.2,450
82462,Short,0.142857,451
75380,Fantasy,0.102564,452
9615,Fantasy,0.125,453
9615,Drama,0.375,454
36817,Musical,0.217391,455
8271,Thriller,0.555556,456
34476,Sci-Fi,0.4,457
10885,Mystery,0.0555556,458
52953,Thriller,0.166667,459
34475,Horror,0.4,460
84577,Crime,0.166667,461
29348,Drama,0.8,462
14415,Action,0.107143,463
42679,Romance,0.0666667,464
13549,Family,0.0547945,465
24777,Romance,1,466
88102,Animation,0.166667,467
44365,Western,0.0697674,468
17154,Drama,0.625,469
24758,Sci-Fi,0.1,470
49945,Short,0.0769231,471
49917,Comedy,0.272727,472
57599,Horror,0.0190114,473
76524,Action,0.2,474
18724,Drama,0.25,475
43095,Crime,0.1875,476
14415,Horror,0.0357143,477
3519,Short,0.04,478
64753,Horror,1,479
29394,Music,0.307692,480
43417,Film-Noir,0.03125,481
3325,Drama,0.818182,482
44365,Fantasy,0.0930233,483
46046,Drama,0.538462,484
16967,Documentary,0.015873,485
52544,Drama,0.0833333,486
67419,Horror,0.111111,487
78306,Mystery,0.0909091,488
17154,Crime,0.142857,489
34658,Drama,0.564516,490
2931,Fantasy,0.285714,491
49917,Documentary,0.0454545,492
31322,Fantasy,0.25,493
31322,Adventure,0.25,494
20713,Drama,0.241379,495
78306,War,0.181818,496
6866,Horror,1,497
14738,Action,0.153846,498
26753,Sci-Fi,0.1,499
28582,Adventure,0.4,500
11652,Adventure,0.166667,501
28582,Musical,0.133333,502
81239,Family,1,503
48262,Romance,0.0816327,504
8271,Adventure,0.111111,505
53721,Adventure,0.0888889,506
34476,Fantasy,0.2,507
50543,Fantasy,0.125,508
56018,Romance,0.238095,509
82462,Fantasy,0.428571,510
73623,Action,0.25,511
48262,Sci-Fi,0.0204082,512
36817,Action,0.130435,513
1364,Music,0.025641,514
22104,Thriller,0.423077,515
43095,Sci-Fi,0.1875,516
81935,Romance,0.047619,517
14415,Documentary,0.0178571,518
20713,Comedy,0.758621,519
84672,Action,0.1,520
40390,Western,0.0833333,521
22104,Western,0.153846,522
15092,Fantasy,0.0909091,523
15901,Documentary,0.0344828,524
84880,War,0.0689655,525
40418,Mystery,0.25,526
71645,Music,0.105263,527
57749,Romance,0.190476,528
84880,Mystery,0.137931,529
72953,Drama,0.285714,530
11652,Fantasy,0.0833333,531
84880,Film-Noir,0.137931,532
57749,Thriller,0.142857,533
81239,Fantasy,0.666667,534
43095,Thriller,0.1875,535
66849,Documentary,0.142857,536
77159,Action,0.25,537
16967,Mystery,0.015873,538
56182,Comedy,0.375,539
15901,Drama,0.689655,540
10885,Drama,0.166667,541
82462,Family,0.142857,542
68032,Thriller,0.166667,543
46515,Fantasy,0.027027,544
25146,Musical,0.047619,545
44365,Romance,0.0697674,546
48262,Musical,0.0408163,547
66849,Short,0.428571,548
49939,Drama,0.25,549
29348,Family,0.2,550
49917,Film-Noir,0.136364,551
63095,Music,0.037037,552
15901,Short,0.0344828,553
10885,Short,0.277778,554
63095,War,0.037037,555
43095,Horror,0.0625,556
26753,Crime,0.1,557
58201,Drama,0.5,558
63095,Horror,0.185185,559
15093,Mystery,0.0833333,560
2009,Crime,0.1,561
49917,Mystery,0.0909091,562
15901,Comedy,0.206897,563
80432,Short,0.2,564
49917,War,0.0909091,565
77159,Horror,0.5,566
56018,Crime,0.047619,567
75761,Short,0.333333,568
9540,Comedy,1,569
31322,Family,0.5,570
88102,Family,0.111111,571
46046,Adventure,0.307692,572
44718,Adventure,0.125,573
12025,Comedy,0.411765,574
46046,War,0.0769231,575
34658,Adventure,0.0483871,576
15901,War,0.0689655,577
50543,Thriller,0.25,578
73623,Adventure,0.25,579
86802,Comedy,0.12069,580
26753,Fantasy,0.1,581
43417,Drama,0.9375,582
86128,Drama,0.333333,583
8271,Drama,0.222222,584
86488,Family,0.04,585
86091,Sci-Fi,0.0714286,586
1364,War,0.025641,587
52480,Music,0.0909091,588
40654,Western,0.0555556,589
17154,War,0.0535714,590
49945,Family,0.0769231,591
56018,Comedy,0.333333,592
16404,Short,0.25,593
12025,Musical,0.0392157,594
46046,Crime,0.0769231,595
40133,Documentary,0.047619,596
52953,Crime,0.166667,597
9615,Thriller,0.125,598
17154,Mystery,0.0446429,599
3107,Horror,1,600
14415,Music,0.0178571,601
80432,Romance,0.2,602
17154,Adventure,0.0803571,603
80432,Sci-Fi,0.2,604
6742,Comedy,0.625,605
84672,Western,0.1,606
29463,Action,0.2,607
16404,War,0.25,608
81935,Short,0.380952,609
57599,Drama,0.110266,610
15901,Adventure,0.0344828,611
16967,Comedy,0.396825,612
49945,Action,0.307692,613
56018,Musical,0.047619,614
34658,War,0.016129,615
40390,Family,0.166667,616
43417,Adventure,0.1875,617
9134,Romance,0.111111,618
34658,Short,0.0806452,619
56018,Drama,0.761905,620
88102,Action,0.111111,621
9134,Sci-Fi,0.333333,622
3519,Documentary,0.04,623
34658,Documentary,0.0322581,624
65051,Crime,0.166667,625
11652,Short,0.25,626
56182,Family,0.25,627
1364,Sci-Fi,0.025641,628
15901,Crime,0.241379,629
71645,Drama,0.578947,630
24758,Crime,0.3,631
88418,Comedy,0.0238095,632
52544,Mystery,0.0833333,633
86488,Romance,0.32,634
42679,Thriller,0.0666667,635
82462,Romance,0.142857,636
3519,Adventure,0.04,637
40390,Music,0.0833333,638
65051,Thriller,0.166667,639
52953,Comedy,0.166667,640
29394,Short,0.307692,641
15092,Thriller,0.363636,642
3519,Crime,0.08,643
2009,Drama,0.6,644
75380,Comedy,0.0769231,645
71703,Comedy,0.0526316,646
75380,Thriller,0.282051,647
86091,Music,0.142857,648
42679,Comedy,0.2,649
9461,Horror,1,650
67419,Short,0.333333,651
24777,Comedy,1,652
65051,Comedy,0.833333,653
36817,Sci-Fi,0.173913,654
29394,Romance,0.153846,655
34476,Drama,0.2,656
14738,Romance,0.0769231,657
29394,Sci-Fi,0.0769231,658
46046,Action,0.384615,659
88418,Thriller,0.0714286,660
63095,Short,0.333333,661
40390,Fantasy,0.0833333,662
18724,Short,0.194444,663
40370,Comedy,0.5,664
15093,Drama,0.416667,665
67419,Comedy,0.277778,666
71645,Comedy,0.0789474,667
50543,Musical,0.125,668
9540,Drama,0.333333,669
22587,Action,1,670
1364,Musical,0.025641,671
28582,Animation,0.133333,672
78273,Crime,0.5,673
64753,Sci-Fi,1,674
58201,Fantasy,0.166667,675
12114,Fantasy,0.0491803,676
3325,Adventure,0.0909091,677
86802,Drama,0.5,678
65620,Action,0.111111,679
46515,Comedy,0.297297,680
48262,Fantasy,0.0204082,681
68032,Comedy,0.166667,682
88102,Mystery,0.111111,683
86488,War,0.04,684
1364,Fantasy,0.0512821,685
81239,Comedy,1,686
6531,Thriller,0.0204082,687
86488,Western,0.04,688
9134,Short,0.111111,689
67419,Sci-Fi,0.166667,690
17154,Short,0.0178571,691
18724,Documentary,0.0555556,692
60713,Mystery,0.333333,693
25146,Family,0.0238095,694
87869,Short,0.285714,695
43095,Short,0.1875,696
86128,Comedy,0.333333,697
36817,Romance,0.173913,698
6531,Comedy,0.122449,699
84672,Drama,0.1,700
66849,Romance,0.142857,701
17153,Crime,0.333333,702
20713,Musical,0.448276,703
16967,Fantasy,0.015873,704
52544,Action,0.666667,705
65620,Adventure,0.222222,706
52393,Crime,0.0833333,707
12114,Sci-Fi,0.0819672,708
88102,War,0.0555556,709
6531,Musical,0.0204082,710
29394,Fantasy,0.0769231,711
14738,Fantasy,0.0769231,712
17154,Music,0.0357143,713
24758,Mystery,0.3,714
57599,Romance,0.00380228,715
46515,Music,0.027027,716
34658,Musical,0.016129,717
88418,Drama,0.595238,718
1364,Drama,0.384615,719
44365,Horror,0.116279,720
75380,Horror,0.179487,721
40418,Drama,0.5,722
49945,War,0.153846,723
34658,Music,0.016129,724
60713,Short,0.166667,725
34475,Thriller,0.6,726
76524,Romance,0.05,727
48262,War,0.0612245,728
25845,Sci-Fi,0.333333,729
8271,Comedy,0.111111,730
32380,Crime,0.153846,731
55860,Drama,1,732
76524,Thriller,0.2,733
49939,Sci-Fi,0.25,734
16967,Family,0.031746,735
43095,Mystery,0.0625,736
14415,Thriller,0.125,737
11079,Crime,0.142857,738
32109,Romance,0.166667,739
10885,Sci-Fi,0.166667,740
25845,Action,0.333333,741
63095,Family,0.037037,742
50543,Music,0.125,743
58201,Adventure,0.166667,744
82462,Mystery,0.142857,745
86488,Thriller,0.0266667,746
88418,Crime,0.0952381,747
36817,Drama,0.304348,748
14415,Western,0.0178571,749
67419,Adventure,0.166667,750
20713,Fantasy,0.0689655,751
85543,Adventure,0.0384615,752
52480,Short,0.0909091,753
6742,Music,0.375,754
2931,Thriller,0.285714,755
56182,Thriller,0.375,756
44365,Mystery,0.0930233,757
32109,Adventure,0.0833333,758
38512,Comedy,0.8,759
10885,Romance,0.111111,760
71645,Crime,0.210526,761
6866,Fantasy,0.5,762
73623,Family,0.5,763
57749,War,0.047619,764
38512,Short,0.2,765
14738,Drama,0.307692,766
11652,Horror,0.166667,767
28315,Action,0.666667,768
85543,Musical,0.0769231,769
88102,Documentary,0.0555556,770
87869,Family,0.285714,771
43095,Drama,0.625,772
49945,Thriller,0.461538,773
44365,Film-Noir,0.325581,774
46046,Western,0.615385,775
46046,Romance,0.0769231,776
65940,Music,0.0714286,777
53810,Thriller,1,778
81935,Horror,0.047619,779
22104,Comedy,0.192308,780
44365,War,0.0930233,781
16404,Drama,0.25,782
80432,Comedy,0.2,783
67419,Fantasy,0.0555556,784
48262,Drama,0.816327,785
16967,Romance,0.253968,786
11079,Sci-Fi,0.428571,787
76524,Adventure,0.05,788
46046,Thriller,0.0769231,789
53810,Crime,1,790
34475,Fantasy,0.2,791
52544,Thriller,0.583333,792
40370,Action,0.25,793
65620,Sci-Fi,0.666667,794
53721,Drama,0.555556,795
17154,Action,0.0357143,796
58201,Thriller,0.666667,797
12114,Western,0.172131,798
57599,Musical,0.0114068,799
48262,Documentary,0.0204082,800
20528,Comedy,0.666667,801
56018,Mystery,0.047619,802
22104,Drama,0.769231,803
63804,Comedy,0.25,804
57749,Comedy,0.571429,805
6531,Fantasy,0.102041,806
18724,Action,0.0555556,807
40390,Comedy,0.75,808
71703,Horror,0.105263,809
86802,Horror,0.0172414,810
20713,Sci-Fi,0.0689655,811
42679,Action,0.266667,812
40418,Fantasy,0.25,813
15901,Western,0.0344828,814
88418,Romance,0.0952381,815
49939,Crime,0.25,816
71703,War,0.157895,817
34475,Crime,0.2,818
63804,Film-Noir,0.166667,819
43095,Action,0.0625,820
67419,Family,0.222222,821
87869,Action,0.142857,822
13549,Romance,0.0273973,823
25522,Documentary,0.0666667,824
57749,Documentary,0.047619,825
24758,Drama,0.4,826
86802,War,0.0517241,827
14415,Drama,0.339286,828
53721,Comedy,0.333333,829
53721,Short,0.111111,830
15901,Thriller,0.172414,831
12114,Thriller,0.0737705,832
10885,Thriller,0.166667,833
40133,Thriller,0.0952381,834
9134,Comedy,0.444444,835
82462,Horror,0.142857,836
10885,Fantasy,0.444444,837
86802,Action,0.0172414,838
86802,Documentary,0.0344828,839
63804,Mystery,0.111111,840
40418,Sci-Fi,0.5,841
11652,Thriller,0.416667,842
14415,Crime,0.0178571,843
85543,Documentary,0.0384615,844
82462,Thriller,0.142857,845
40370,Documentary,0.25,846
14738,Western,0.0384615,847
65051,Fantasy,0.25,848
12114,Crime,0.057377,849
17153,Romance,0.333333,850
11652,Comedy,0.0833333,851
81935,Music,0.238095,852
9540,Romance,0.333333,853
53721,Documentary,0.0222222,854
42679,Adventure,0.133333,855
38512,Family,0.1,856
50543,Action,0.125,857
45231,Romance,0.277778,858
12114,Drama,0.532787,859
35295,Comedy,1,860
75380,Adventure,0.282051,861
12025,Documentary,0.196078,862
22104,Action,0.269231,863
15092,Adventure,0.0909091,864
25522,Romance,0.133333,865
50543,Romance,0.25,866
49945,Horror,0.153846,867
88418,Mystery,0.047619,868
88418,Film-Noir,0.0238095,869
25146,Mystery,0.0238095,870
86091,Horror,0.142857,871
65620,Drama,0.222222,872
60713,Comedy,0.333333,873
6531,Mystery,0.0408163,874
76524,Short,0.1,875
16404,Family,0.25,876
86802,Romance,0.206897,877
88418,Adventure,0.0714286,878
68032,Crime,0.166667,879
12025,Family,0.0196078,880
15092,Romance,0.272727,881
86488,Musical,0.0933333,882
53721,Film-Noir,0.0666667,883
25789,Adventure,0.0714286,884
52393,Sci-Fi,0.0277778,885
43095,Film-Noir,0.125,886
3519,Thriller,0.04,887
40370,Romance,0.25,888
20713,Mystery,0.0344828,889
53810,Drama,1,890
52393,Romance,0.0277778,891
6531,Romance,0.0816327,892
53721,Romance,0.111111,893
45231,War,0.166667,894
38512,Fantasy,0.4,895
35295,Horror,1,896
63804,Action,0.0555556,897
22104,Romance,0.153846,898
75380,War,0.102564,899
68032,Mystery,0.111111,900
85543,Film-Noir,0.153846,901
77159,Sci-Fi,0.25,902
29463,Thriller,0.2,903
50543,Mystery,0.125,904
18724,Thriller,0.361111,905
36817,Comedy,0.173913,906
63095,Thriller,0.296296,907
57749,Music,0.047619,908
73623,Comedy,1,909
9615,Action,0.25,910
40654,War,0.0555556,911
65940,Romance,0.428571,912
75380,Romance,0.0512821,913
10885,Action,0.222222,914
28315,Thriller,0.333333,915
67419,Documentary,0.277778,916
43095,Music,0.0625,917
75380,Crime,0.102564,918
32109,Comedy,0.416667,919
84577,Comedy,0.166667,920
25789,Crime,0.0714286,921
42679,Drama,0.866667,922
85543,War,0.0769231,923
28395,Action,0.333333,924
25146,Action,0.0238095,925
18724,Comedy,0.25,926
52393,War,0.194444,927
9134,Thriller,0.222222,928
2931,Crime,0.285714,929
44718,Fantasy,0.25,930
40370,Short,0.25,931
52544,Fantasy,0.166667,932
49939,Horror,0.25,933
12114,War,0.0327869,934
34658,Comedy,0.16129,935
24758,Action,0.1,936
80432,Fantasy,0.6,937
68032,Horror,0.0555556,938
25146,Fantasy,0.047619,939
71703,Short,0.0526316,940
34658,Thriller,0.580645,941
31322,Short,0.25,942
15093,Thriller,0.416667,943
12025,War,0.176471,944
66849,Action,0.285714,945
71703,Drama,0.684211,946
75380,Short,0.128205,947
17154,Comedy,0.232143,948
53721,Family,0.0222222,949
15901,Family,0.0344828,950
15901,Horror,0.103448,951
86488,Adventure,0.04,952
84880,Thriller,0.103448,953
71645,Documentary,0.289474,954
75380,Documentary,0.025641,955
25789,Fantasy,0.0714286,956
65940,Documentary,0.0714286,957
28025,Drama,1,958
10885,Family,0.166667,959
9615,Romance,0.25,960
50543,Sci-Fi,0.125,961
25845,War,0.333333,962
22104,Mystery,0.0384615,963
2009,Thriller,0.1,964
56182,Horror,0.25,965
22104,War,0.0769231,966
9615,Adventure,0.125,967
32109,Thriller,0.166667,968
34475,Drama,0.2,969
84880,Comedy,0.103448,970
88102,Horror,0.166667,971
40654,Sci-Fi,0.222222,972
12114,Horror,0.106557,973
53721,Action,0.0444444,974
3519,Drama,0.56,975
15092,Drama,0.454545,976
84577,Family,0.166667,977
84577,Drama,0.5,978
76524,Drama,0.65,979
17154,Thriller,0.0267857,980
65940,Fantasy,0.0714286,981
84672,Sci-Fi,0.1,982
66829,Comedy,0.5,983
6531,Short,0.0204082,984
12025,Adventure,0.0588235,985
86128,Animation,1,986
11652,Family,0.0833333,987
66829,Thriller,0.5,988
40133,Crime,0.190476,989
16967,Drama,0.650794,990
13549,Drama,0.0958904,991
28315,Adventure,0.166667,992
46515,Musical,0.0540541,993
58201,Short,0.166667,994
43417,Thriller,0.21875,995
40370,Family,0.25,996
40654,Crime,0.111111,997
46515,Family,0.0540541,998
50543,Crime,0.125,999
6531,Music,0.0204082,1000
17154,Family,0.00892857,1001
24758,Adventure,0.1,1002
16967,Music,0.015873,1003
22104,Adventure,0.115385,1004
40654,Family,0.0555556,1005
14415,Comedy,0.410714,1006
40654,Drama,0.444444,1007
68032,Romance,0.0555556,1008
84577,Fantasy,0.166667,1009
32109,Mystery,0.166667,1010
17153,Music,0.333333,1011
65940,Drama,0.642857,1012
57599,Comedy,0.262357,1013
14415,War,0.0178571,1014
29394,Musical,0.0769231,1015
57599,Action,0.0228137,1016
46515,Drama,0.432432,1017
45231,Short,0.0555556,1018
63804,Crime,0.111111,1019
13549,Short,0.767123,1020
82462,Crime,0.142857,1021
18724,Fantasy,0.0277778,1022
2931,Comedy,0.142857,1023
45231,Drama,0.888889,1024
50543,Drama,0.375,1025
57599,Film-Noir,0.00380228,1026
46515,Crime,0.027027,1027
40390,Adventure,0.0833333,1028
82462,Drama,0.285714,1029
88102,Romance,0.0555556,1030
78273,Comedy,0.25,1031
75761,Animation,1,1032
44365,Thriller,0.27907,1033
14738,Horror,0.153846,1034
34658,Crime,0.177419,1035
24758,Romance,0.1,1036
80432,Animation,0.8,1037
86488,Comedy,0.413333,1038
88102,Sci-Fi,0.222222,1039
29463,Short,0.2,1040
57749,Crime,0.047619,1041
86128,Adventure,0.333333,1042
12025,Animation,0.0784314,1043
75380,Drama,0.435897,1044
57599,War,0.00380228,1045
86091,Musical,0.214286,1046
40654,Fantasy,0.0555556,1047
85543,Drama,0.461538,1048
88102,Thriller,0.0555556,1049
22587,Comedy,0.5,1050
68032,Western,0.0555556,1051
12025,Thriller,0.0196078,1052
48262,Adventure,0.0204082,1053
76524,Documentary,0.15,1054
20528,Animation,1,1055
40115,Drama,1,1056
9615,Short,0.125,1057
80432,Musical,0.4,1058
43095,Adventure,0.0625,1059
45231,Fantasy,0.0555556,1060
57749,Sci-Fi,0.047619,1061
10885,Comedy,0.388889,1062
71703,Crime,0.263158,1063
78273,Drama,0.75,1064
57599,Mystery,0.0532319,1065
9615,Comedy,0.75,1066
2931,Drama,0.714286,1067
65620,Comedy,0.222222,1068
6531,Horror,0.0612245,1069
43417,Mystery,0.03125,1070
65051,Action,0.166667,1071
24758,Thriller,0.5,1072
60713,Thriller,0.166667,1073
28582,Sci-Fi,0.133333,1074
65940,Family,0.142857,1075
86128,Musical,0.666667,1076
71703,Romance,0.105263,1077
76524,Horror,0.1,1078
40390,Romance,0.166667,1079
85543,Comedy,0.615385,1080
25146,Western,0.142857,1081
86802,Adventure,0.0517241,1082
43417,War,0.09375,1083
49945,Drama,0.846154,1084
25789,Thriller,0.142857,1085
46046,Comedy,0.230769,1086
3107,Comedy,1,1087
44365,Sci-Fi,0.0465116,1088
52544,Comedy,0.25,1089
78306,Short,0.363636,1090
52393,Drama,0.361111,1091
12114,Short,0.00819672,1092
28582,Romance,0.0666667,1093
50543,Family,0.125,1094
66829,Horror,1,1095
12114,Documentary,0.0163934,1096
81935,Crime,0.047619,1097
85543,Short,0.0384615,1098
32380,Comedy,0.230769,1099
53721,Musical,0.0666667,1100
67419,Action,0.388889,1101
88102,Western,0.111111,1102
52480,Romance,0.0909091,1103
16967,Film-Noir,0.015873,1104
56018,Adventure,0.047619,1105
86802,Crime,0.0689655,1106
44365,Adventure,0.209302,1107
52480,Adventure,0.363636,1108
63804,Thriller,0.0833333,1109
66849,Comedy,0.571429,1110
43417,Action,0.21875,1111
75380,Family,0.0769231,1112
11079,Comedy,1,1113
38512,Adventure,0.3,1114
76524,Mystery,0.05,1115
40390,Musical,0.416667,1116
48262,Thriller,0.122449,1117
12114,Comedy,0.368852,1118
34476,Crime,0.2,1119
2009,Music,0.1,1120
76524,War,0.25,1121
52393,Comedy,0.0833333,1122
32109,Horror,0.0833333,1123
